card,age,type,gain_vs_sell,gain_vs_sell_se,gain_vs_best,gain_vs_best_se,pick_rate,win_if_built,win_if_passed,played_gain,played_gain_se,played_games,times_offered,times_buildable,rank_in_age
Timber Yard,1,brown,0.09295,0.00048,0.03286,0.00057,0.73316,0.27664,0.29377,0.11079,0.01443,1363,10896,10894,1
Clay Pit,1,brown,0.09095,0.00042,0.02887,0.00056,0.78597,0.26305,0.31218,0.17738,0.01513,1229,10163,10162,2
Excavation,1,brown,0.07784,0.00035,0.01218,0.00050,0.61485,0.24644,0.29092,0.12836,0.01213,1636,13018,13008,3
Press,1,grey,0.04941,0.00045,-0.01249,0.00050,0.41297,0.29436,0.23965,0.08660,0.01069,2038,17810,17810,4
Glassworks,1,grey,0.03568,0.00027,-0.02248,0.00034,0.28933,0.29093,0.23949,0.07193,0.00885,2704,24425,24425,5
Apothecary,1,green,0.03540,0.00080,-0.02200,0.00081,0.41431,0.34861,0.22975,0.07244,0.01142,1760,27416,14692,6
Altar,1,blue,0.03008,0.00014,-0.02791,0.00025,0.26035,0.23401,0.24806,0.06014,0.00768,3284,29791,29791,7
Workshop,1,green,0.02941,0.00059,-0.02693,0.00066,0.33051,0.34365,0.22359,0.03856,0.01039,2023,30041,17446,8
Loom,1,grey,0.02805,0.00026,-0.02933,0.00032,0.25674,0.24188,0.25270,0.05252,0.00853,2999,27207,27207,9
Tavern,1,yellow,0.02341,0.00010,-0.03281,0.00027,0.23959,0.22457,0.25010,0.05447,0.00732,3185,30277,30277,10
Stockade,1,red,0.02080,0.00026,-0.03754,0.00040,0.38713,0.23645,0.26003,0.04180,0.00959,2440,26848,20249,11
Clay Pool,1,brown,0.01763,0.00014,-0.03891,0.00026,0.17009,0.22699,0.25147,0.04796,0.00777,3399,34617,34617,12
Guard Tower,1,red,0.01535,0.00016,-0.03734,0.00028,0.31094,0.22883,0.25619,0.03815,0.00749,3670,60768,45318,13
Stone Pit,1,brown,0.01491,0.00016,-0.04312,0.00028,0.14650,0.23992,0.24940,0.02687,0.00737,3647,37569,37569,14
Barracks,1,red,0.01460,0.00025,-0.03983,0.00040,0.32844,0.24761,0.25069,0.04126,0.00948,2472,29883,21654,15
Well,1,blue,0.01449,0.00009,-0.04081,0.00021,0.09282,0.23424,0.25111,0.02118,0.00676,3966,44958,44958,16
Lumber Yard,1,brown,0.01396,0.00015,-0.04268,0.00026,0.34178,0.21554,0.26877,0.05848,0.00757,3728,46577,42747,17
West Trading Post,1,yellow,0.01374,0.00015,-0.04336,0.00028,0.16772,0.23203,0.24960,0.03795,0.00717,3650,36657,36657,18
Ore Vein,1,brown,0.01311,0.00012,-0.04134,0.00022,0.20168,0.21525,0.25803,0.04698,0.00732,3970,64829,61113,19
Theater,1,blue,0.01261,0.00009,-0.04004,0.00021,0.12102,0.22768,0.25089,0.04077,0.00679,3888,42951,42951,20
East Trading Post,1,yellow,0.01237,0.00015,-0.03856,0.00027,0.17199,0.22684,0.25554,0.04349,0.00738,3495,35141,35141,21
Baths,1,blue,0.00653,0.00016,-0.04463,0.00028,0.10988,0.23594,0.24884,0.01573,0.00733,3559,44332,36258,22
Scriptorium,1,green,0.00446,0.00029,-0.04823,0.00034,0.21073,0.32100,0.24085,0.01069,0.00801,3182,68940,42627,23
Marketplace,1,yellow,-0.00683,0.00014,-0.05658,0.00026,0.04810,0.21455,0.24862,0.01371,0.00700,3939,45590,45590,24
Caravansery,2,yellow,0.08589,0.00055,0.00890,0.00063,0.53784,0.24186,0.28092,0.12368,0.01068,1613,16221,13768,1
Walls,2,red,0.07254,0.00059,-0.00960,0.00067,0.42708,0.23358,0.26112,0.07906,0.01116,1600,27338,13262,2
Stables,2,red,0.06880,0.00048,-0.01535,0.00056,0.63312,0.23157,0.28213,0.11920,0.01131,1531,13177,12342,3
Training Ground,2,red,0.06420,0.00048,-0.01626,0.00058,0.46871,0.23394,0.26442,0.11688,0.01013,1848,20411,15340,4
Library,2,green,0.06070,0.00079,-0.02340,0.00090,0.43071,0.36304,0.25410,0.08286,0.01089,1599,18799,13587,5
Aqueduct,2,blue,0.05910,0.00046,-0.02851,0.00055,0.33221,0.27043,0.24440,0.05285,0.00863,1911,30648,16908,6
Archery Range,2,red,0.05686,0.00043,-0.02912,0.00053,0.42802,0.22831,0.26931,0.08588,0.00990,2032,19531,16726,7
School,2,green,0.05261,0.00066,-0.02913,0.00079,0.37456,0.35240,0.24458,0.07143,0.00959,1897,19397,15565,8
Vineyard,2,yellow,0.05027,0.00026,-0.03650,0.00041,0.29702,0.21865,0.25138,0.05522,0.00705,2825,24460,24460,9
Brickyard,2,brown,0.03876,0.00021,-0.04444,0.00030,0.18808,0.24222,0.25508,0.05146,0.00651,3799,57887,50036,10
Laboratory,2,green,0.03514,0.00071,-0.04483,0.00086,0.29950,0.35714,0.25084,0.04710,0.00971,1826,21895,15753,11
Statue,2,blue,0.03295,0.00027,-0.05249,0.00040,0.16470,0.24463,0.24880,0.03076,0.00639,3121,36960,30268,12
Foundry,2,brown,0.02954,0.00018,-0.05535,0.00029,0.13015,0.23560,0.25490,0.04640,0.00639,3836,65311,56957,13
Forum,2,yellow,0.02781,0.00028,-0.05110,0.00041,0.15514,0.21005,0.25389,0.02757,0.00680,3138,33202,29690,14
Loom,2,grey,0.02571,0.00024,-0.05452,0.00036,0.12611,0.21860,0.25668,0.03981,0.00716,2914,38466,30306,15
Temple,2,blue,0.02487,0.00028,-0.05462,0.00040,0.12314,0.22383,0.25987,0.02154,0.00655,3226,41780,32889,16
Courthouse,2,blue,0.02320,0.00024,-0.05617,0.00039,0.15797,0.27824,0.26409,0.03114,0.00663,3131,38708,30429,17
Glassworks,2,grey,0.02088,0.00021,-0.05418,0.00036,0.12409,0.22327,0.23798,0.02396,0.00688,2859,38696,30374,18
Sawmill,2,brown,0.01826,0.00016,-0.06227,0.00028,0.08876,0.23624,0.25516,0.03305,0.00621,3873,68816,60997,19
Press,2,grey,0.01793,0.00023,-0.05648,0.00037,0.12398,0.20292,0.23616,0.02243,0.00698,2809,38477,30070,20
Quarry,2,brown,0.01772,0.00020,-0.06427,0.00031,0.11672,0.20630,0.25962,0.04210,0.00637,3836,67723,58868,21
Bazaar,2,yellow,0.01589,0.00020,-0.06473,0.00036,0.13837,0.26643,0.24940,0.03666,0.00563,3642,36959,36959,22
Dispensary,2,green,0.00959,0.00040,-0.07422,0.00048,0.17129,0.33843,0.25129,0.02126,0.00656,3246,59353,41427,23
Palace,3,blue,0.15387,0.00122,0.01604,0.00084,0.67718,0.29474,0.25255,0.15355,0.01057,1436,15328,11536,1
Builders Guild,3,guild,0.14922,0.00170,0.01209,0.00124,0.62699,0.27602,0.24837,0.15411,0.01376,889,10689,6989,2
Pantheon,3,blue,0.13683,0.00106,0.00477,0.00079,0.56346,0.27354,0.25891,0.12462,0.00898,1661,16471,13891,3
Senate,3,blue,0.12431,0.00091,-0.01031,0.00061,0.50777,0.27175,0.24584,0.12922,0.00878,1838,16266,15371,4
Workers Guild,3,guild,0.11584,0.00114,-0.02475,0.00094,0.37997,0.24109,0.25773,0.12004,0.00957,1362,13640,11893,5
Arena,3,yellow,0.11540,0.00086,-0.01953,0.00075,0.41659,0.25241,0.26222,0.12337,0.00762,2071,18700,18169,6
Decorators Guild,3,guild,0.11472,0.00148,-0.02638,0.00139,0.49978,0.26133,0.25902,0.12095,0.01171,1112,10446,9138,7
Philosophers Guild,3,guild,0.11296,0.00151,-0.03236,0.00148,0.40948,0.26751,0.27488,0.08911,0.01102,1212,13121,9937,8
Town Hall,3,blue,0.10340,0.00081,-0.03495,0.00075,0.29378,0.25135,0.25996,0.11649,0.00698,2408,30374,22006,9
Shipowners Guild,3,guild,0.09941,0.00115,-0.03860,0.00113,0.32418,0.25943,0.26003,0.08521,0.00915,1332,17006,12021,10
Gardens,3,blue,0.09058,0.00048,-0.04506,0.00047,0.23290,0.24157,0.25632,0.08465,0.00526,3863,59990,54780,11
Traders Guild,3,guild,0.08870,0.00099,-0.05054,0.00097,0.23584,0.25912,0.26685,0.09934,0.00812,1666,18568,15570,12
Craftsmens Guild,3,guild,0.08791,0.00102,-0.04550,0.00108,0.25514,0.28135,0.24155,0.07037,0.00794,1556,17815,15129,13
Spies Guild,3,guild,0.08734,0.00081,-0.04458,0.00080,0.22761,0.21025,0.26224,0.09071,0.00757,1786,19698,17877,14
Lighthouse,3,yellow,0.07971,0.00064,-0.05629,0.00071,0.24085,0.21670,0.25789,0.06700,0.00529,3082,30234,28586,15
Magistrates Guild,3,guild,0.07555,0.00096,-0.05778,0.00106,0.22920,0.21975,0.26056,0.09304,0.00842,1537,20275,14930,16
Scientists Guild,3,guild,0.07340,0.00117,-0.06108,0.00122,0.23994,0.34454,0.23352,0.04513,0.00829,1551,17233,14195,17
Study,3,green,0.06850,0.00086,-0.06909,0.00091,0.24553,0.35289,0.24029,0.04857,0.00646,2666,26681,24502,18
Haven,3,yellow,0.06324,0.00044,-0.07342,0.00058,0.19039,0.23001,0.26054,0.05481,0.00485,3795,63648,56241,19
Lodge,3,green,0.06084,0.00081,-0.07705,0.00090,0.21551,0.35855,0.24348,0.04971,0.00612,2736,28662,26064,20
Observatory,3,green,0.05863,0.00081,-0.08018,0.00092,0.18181,0.35779,0.24613,0.04865,0.00577,2970,31645,27887,21
Castrum,3,red,0.05297,0.00059,-0.08266,0.00074,0.11170,0.20387,0.25805,0.05105,0.00544,3555,41804,37745,22
Chamber of Commerce,3,yellow,0.05157,0.00058,-0.08269,0.00079,0.15508,0.24500,0.25707,0.03530,0.00505,3272,35690,32545,23
Circus,3,red,0.05148,0.00062,-0.08160,0.00077,0.13668,0.21933,0.24831,0.05447,0.00590,3369,39772,34410,24
Arsenal,3,red,0.05047,0.00059,-0.08586,0.00074,0.09588,0.19775,0.25371,0.02836,0.00547,3596,42705,38080,25
Academy,3,green,0.04832,0.00073,-0.08666,0.00090,0.17418,0.35424,0.24746,0.04173,0.00587,2804,33365,27689,26
Siege Workshop,3,red,0.04683,0.00058,-0.08843,0.00074,0.09654,0.21853,0.25571,0.03994,0.00537,3568,42121,38015,27
Fortifications,3,red,0.04678,0.00064,-0.08634,0.00080,0.11249,0.21674,0.24501,0.04627,0.00566,3231,43113,34946,28
University,3,green,0.04012,0.00048,-0.09588,0.00063,0.12778,0.30845,0.25169,0.02973,0.00515,3750,70694,60448,29
