card,age,type,gain_vs_sell,gain_vs_sell_se,gain_early,gain_early_se,gain_late,gain_late_se,buildable_early,buildable_late,pick_rate_early,pick_rate_late,gain_vs_best,gain_vs_best_se,pick_rate,win_if_built,win_if_passed,played_gain,played_gain_se,played_games,played_gain_early,played_gain_early_se,played_gain_late,played_gain_late_se,times_offered,times_buildable,rank_in_age
Timber Yard,1,brown,0.07567,0.00050,0.07553,0.00050,0.09692,0.00642,10715,68,0.74074,0.89706,0.02456,0.00058,0.74172,0.29051,0.29156,0.13819,0.01411,1317,0.13740,0.01415,0.28571,0.18443,10787,10783,1
Clay Pit,1,brown,0.06627,0.00041,0.06611,0.00041,0.07912,0.00361,11740,149,0.66814,0.94631,0.00786,0.00051,0.67163,0.25899,0.28573,0.12613,0.01327,1439,0.12658,0.01334,0.07692,0.13689,11901,11889,2
Excavation,1,brown,0.06593,0.00041,0.06577,0.00041,0.07573,0.00331,12514,199,0.62442,0.90955,0.00990,0.00049,0.62888,0.26767,0.28858,0.11020,0.01260,1529,0.10698,0.01268,0.31250,0.10344,12727,12713,3
Press,1,grey,0.05548,0.00036,0.05688,0.00038,0.04682,0.00101,15038,2435,0.42233,0.42012,-0.00421,0.00046,0.42202,0.28221,0.24398,0.08623,0.01093,2012,0.08940,0.01147,0.05233,0.03619,17473,17473,4
Apothecary,1,green,0.05424,0.00078,0.05026,0.00085,0.06360,0.00166,9546,4062,0.47570,0.48006,-0.01090,0.00077,0.47700,0.34394,0.22214,0.07758,0.01216,1695,0.06914,0.01424,0.10135,0.02332,25512,13608,5
Workshop,1,green,0.03520,0.00061,0.02614,0.00065,0.05396,0.00125,10863,5245,0.31870,0.45834,-0.02862,0.00068,0.36417,0.32825,0.22554,0.07068,0.01058,1896,0.05464,0.01220,0.11485,0.02110,28146,16108,6
Altar,1,blue,0.03345,0.00016,0.03077,0.00017,0.04317,0.00039,21005,5796,0.21304,0.58730,-0.03037,0.00028,0.29398,0.25124,0.24942,0.05337,0.00789,3073,0.04977,0.00849,0.07277,0.02112,26801,26801,7
Glassworks,1,grey,0.02952,0.00029,0.03034,0.00034,0.02705,0.00056,18513,6161,0.26219,0.34556,-0.02918,0.00035,0.28301,0.27159,0.24487,0.06638,0.00898,2659,0.06718,0.00982,0.06188,0.02209,24674,24674,8
Loom,1,grey,0.02776,0.00023,0.03060,0.00027,0.02134,0.00041,19194,8469,0.21741,0.30618,-0.03165,0.00032,0.24459,0.21357,0.25843,0.03610,0.00873,2881,0.03191,0.00959,0.05682,0.02116,27663,27663,9
Stockade,1,red,0.02526,0.00024,0.01938,0.00026,0.03849,0.00047,15679,6965,0.22438,0.58521,-0.03755,0.00035,0.33536,0.24691,0.26289,0.03129,0.00916,2589,0.02006,0.01067,0.06512,0.01778,29904,22644,10
Theater,1,blue,0.02389,0.00012,0.02084,0.00014,0.02777,0.00019,23697,18610,0.02722,0.24793,-0.03605,0.00022,0.12431,0.24054,0.24915,0.04638,0.00673,3892,0.04677,0.00785,0.04517,0.01300,42307,42307,11
Stone Pit,1,brown,0.02341,0.00022,0.02417,0.00025,0.02141,0.00044,20610,7872,0.20267,0.35709,-0.03644,0.00031,0.24535,0.23168,0.25095,0.03809,0.00805,3098,0.03024,0.00870,0.08209,0.02114,28482,28482,12
Guard Tower,1,red,0.02301,0.00018,0.01671,0.00021,0.03289,0.00030,28829,18384,0.15755,0.49206,-0.03535,0.00026,0.28780,0.22207,0.25783,0.03244,0.00743,3699,0.02525,0.00834,0.05990,0.01631,63576,47213,13
Lumber Yard,1,brown,0.02242,0.00015,0.02033,0.00018,0.02700,0.00029,35576,16214,0.19626,0.37017,-0.03844,0.00022,0.25070,0.22890,0.25738,0.04745,0.00728,3888,0.04895,0.00765,0.03342,0.02377,56058,51790,14
Clay Pool,1,brown,0.02036,0.00018,0.02055,0.00023,0.02007,0.00030,22405,15269,0.08712,0.24350,-0.04000,0.00026,0.15050,0.23386,0.25061,0.04630,0.00744,3553,0.03665,0.00827,0.08277,0.01691,37674,37674,15
Barracks,1,red,0.02023,0.00025,0.01477,0.00029,0.03106,0.00046,14373,7245,0.22925,0.55928,-0.03978,0.00038,0.33986,0.23493,0.24988,0.02544,0.00951,2457,0.01955,0.01116,0.04212,0.01816,30685,21618,16
Tavern,1,yellow,0.02009,0.00013,0.01760,0.00015,0.02524,0.00025,21286,10322,0.15184,0.36117,-0.03958,0.00027,0.22020,0.22974,0.24779,0.04866,0.00745,3247,0.05383,0.00824,0.02448,0.01734,31608,31608,17
Well,1,blue,0.01823,0.00011,0.01539,0.00013,0.02165,0.00018,23777,19673,0.01775,0.21451,-0.04242,0.00022,0.10684,0.25205,0.24848,0.04093,0.00671,3934,0.03998,0.00766,0.04402,0.01395,43450,43450,18
Scriptorium,1,green,0.01760,0.00031,0.01081,0.00033,0.02765,0.00058,24146,16286,0.16197,0.33268,-0.04462,0.00035,0.23073,0.31032,0.24035,0.00750,0.00800,3132,-0.00299,0.00912,0.03871,0.01656,65499,40432,19
Baths,1,blue,0.01115,0.00016,0.00677,0.00021,0.01560,0.00024,17260,17015,0.04577,0.25054,-0.04356,0.00026,0.14743,0.25213,0.25185,0.01734,0.00731,3490,0.02153,0.00932,0.01053,0.01178,41796,34275,20
Ore Vein,1,brown,0.01111,0.00014,0.00913,0.00017,0.01436,0.00024,38674,23590,0.11568,0.26719,-0.04928,0.00022,0.17309,0.20715,0.25953,0.04111,0.00730,3953,0.03726,0.00759,0.08333,0.02662,66169,62264,21
East Trading Post,1,yellow,0.00883,0.00020,0.00617,0.00023,0.01376,0.00038,22140,11979,0.12254,0.29911,-0.04849,0.00029,0.18453,0.20116,0.25504,0.02076,0.00739,3444,0.02014,0.00810,0.02338,0.01788,34119,34119,22
West Trading Post,1,yellow,0.00724,0.00020,0.00628,0.00024,0.00857,0.00033,23174,16796,0.05282,0.21785,-0.05185,0.00026,0.12217,0.23828,0.24761,0.02872,0.00727,3760,0.02548,0.00819,0.03972,0.01575,39970,39970,23
Marketplace,1,yellow,-0.00294,0.00015,-0.00314,0.00019,-0.00271,0.00024,23451,20940,0.02644,0.08300,-0.06094,0.00024,0.05312,0.23028,0.24583,0.02021,0.00690,3860,0.02349,0.00796,0.01006,0.01389,44391,44391,24
Stables,2,red,0.07022,0.00047,0.06912,0.00047,0.08702,0.00249,13067,856,0.55215,0.66121,-0.01488,0.00053,0.55886,0.23352,0.27467,0.09892,0.01076,1663,0.09824,0.01100,0.11333,0.05248,15019,13923,1
Caravansery,2,yellow,0.06556,0.00050,0.07002,0.00055,0.04779,0.00113,12496,3136,0.50064,0.32621,-0.01351,0.00057,0.46565,0.25862,0.26326,0.09563,0.01005,1809,0.10139,0.01092,0.05430,0.02457,18513,15632,2
Training Ground,2,red,0.06408,0.00052,0.06104,0.00054,0.07865,0.00148,12530,2608,0.45148,0.61887,-0.01843,0.00058,0.48031,0.22487,0.26522,0.08498,0.00948,1818,0.08585,0.01015,0.07895,0.02658,20923,15138,3
Archery Range,2,red,0.05447,0.00043,0.05176,0.00045,0.06653,0.00121,15572,3503,0.32115,0.51499,-0.03178,0.00051,0.35675,0.24519,0.26699,0.08277,0.00899,2229,0.08198,0.00972,0.08750,0.02364,22398,19075,4
Walls,2,red,0.05418,0.00058,0.05027,0.00062,0.06274,0.00122,9973,4558,0.38333,0.46336,-0.02635,0.00065,0.40844,0.24145,0.25779,0.10280,0.01025,1717,0.11217,0.01204,0.07717,0.01953,26568,14531,5
Library,2,green,0.05112,0.00068,0.04762,0.00070,0.07265,0.00215,12028,1959,0.43158,0.43645,-0.01789,0.00082,0.43226,0.33849,0.24235,0.09096,0.01042,1726,0.08377,0.01096,0.15054,0.03314,18497,13987,6
School,2,green,0.04306,0.00063,0.03956,0.00064,0.06868,0.00220,13633,1859,0.36082,0.45455,-0.02621,0.00073,0.37206,0.34056,0.24255,0.07549,0.01019,1848,0.07393,0.01073,0.09146,0.03215,19024,15492,7
Aqueduct,2,blue,0.04263,0.00040,0.03361,0.00042,0.06079,0.00080,12215,6071,0.25919,0.53978,-0.03461,0.00050,0.35235,0.26432,0.24871,0.07044,0.00819,2023,0.06328,0.00959,0.09237,0.01560,29849,18286,8
Brickyard,2,brown,0.03705,0.00022,0.03890,0.00026,0.03300,0.00042,33209,15204,0.19389,0.23856,-0.04251,0.00031,0.20792,0.25134,0.25136,0.06063,0.00664,3777,0.06215,0.00707,0.04774,0.01917,55512,48413,9
Courthouse,2,blue,0.03674,0.00026,0.02813,0.00029,0.05053,0.00045,17098,10673,0.10528,0.36391,-0.04934,0.00039,0.20467,0.26460,0.26359,0.05442,0.00688,2995,0.05548,0.00830,0.05160,0.01207,35003,27771,10
Vineyard,2,yellow,0.03632,0.00022,0.02957,0.00022,0.05671,0.00053,21030,6955,0.18564,0.49159,-0.03940,0.00038,0.26168,0.21528,0.25709,0.06644,0.00637,3093,0.06533,0.00697,0.07230,0.01575,27985,27985,11
Statue,2,blue,0.03459,0.00025,0.02474,0.00028,0.04835,0.00043,17806,12752,0.07374,0.34591,-0.04814,0.00038,0.18732,0.24205,0.24768,0.03777,0.00668,3111,0.03412,0.00782,0.04677,0.01278,37741,30558,12
Press,2,grey,0.02696,0.00024,0.02862,0.00029,0.02438,0.00041,17270,11094,0.11245,0.19776,-0.05524,0.00039,0.14582,0.19560,0.24581,0.02656,0.00712,2767,0.02603,0.00801,0.02876,0.01552,36562,28364,13
Temple,2,blue,0.02658,0.00027,0.01390,0.00029,0.04277,0.00045,17343,13579,0.05409,0.26755,-0.05670,0.00040,0.14782,0.23518,0.25701,0.05295,0.00693,3088,0.05765,0.00819,0.04171,0.01299,39111,30922,14
Forum,2,yellow,0.02614,0.00028,0.02479,0.00034,0.02827,0.00047,19059,12059,0.12603,0.19968,-0.05646,0.00040,0.15457,0.22827,0.24886,0.04084,0.00675,3183,0.03750,0.00786,0.05109,0.01315,34518,31118,15
Loom,2,grey,0.02434,0.00024,0.02358,0.00028,0.02548,0.00043,17734,11769,0.10082,0.20180,-0.05848,0.00040,0.14110,0.19950,0.26642,0.02760,0.00726,2862,0.02953,0.00822,0.02024,0.01545,37072,29503,16
Laboratory,2,green,0.02366,0.00061,0.01788,0.00062,0.05247,0.00179,13125,2630,0.33189,0.44867,-0.04309,0.00078,0.35138,0.34872,0.24244,0.07803,0.01002,1884,0.06824,0.01084,0.13603,0.02604,21141,15755,17
Foundry,2,brown,0.02317,0.00020,0.02907,0.00024,0.01389,0.00033,34490,21933,0.14462,0.15338,-0.05660,0.00029,0.14802,0.23719,0.25601,0.04263,0.00633,3859,0.04234,0.00685,0.04484,0.01605,64198,56423,18
Glassworks,2,grey,0.02282,0.00025,0.02189,0.00029,0.02430,0.00045,17630,11119,0.10618,0.21270,-0.05738,0.00039,0.14738,0.21973,0.24323,0.03932,0.00691,2785,0.04091,0.00789,0.03333,0.01427,36490,28749,19
Sawmill,2,brown,0.02192,0.00016,0.02747,0.00021,0.01506,0.00024,36641,29593,0.07475,0.09685,-0.06244,0.00026,0.08462,0.23880,0.25650,0.03461,0.00608,3901,0.03504,0.00647,0.03103,0.01766,73067,66234,20
Quarry,2,brown,0.01497,0.00022,0.02508,0.00028,0.00074,0.00034,34581,24563,0.12808,0.08155,-0.06418,0.00032,0.10875,0.22326,0.25776,0.04090,0.00634,3875,0.04348,0.00695,0.02372,0.01477,66896,59144,21
Dispensary,2,green,0.01160,0.00035,0.00300,0.00040,0.02611,0.00066,27212,16123,0.14644,0.26478,-0.06983,0.00042,0.19047,0.31585,0.25086,0.02122,0.00657,3346,0.01915,0.00759,0.03016,0.01214,61959,43335,22
Bazaar,2,yellow,0.01066,0.00020,0.00134,0.00020,0.02486,0.00037,23195,15223,0.05682,0.24233,-0.06640,0.00036,0.13033,0.26773,0.24884,0.03691,0.00552,3752,0.03226,0.00636,0.05310,0.01107,38418,38418,23
Palace,3,blue,0.13638,0.00106,0.13376,0.00106,0.16067,0.00446,11477,1243,0.58805,0.70233,0.00828,0.00077,0.59921,0.28136,0.25628,0.15502,0.01055,1474,0.15288,0.01079,0.19048,0.04931,15953,12720,1
Pantheon,3,blue,0.13456,0.00101,0.13296,0.00103,0.14944,0.00399,12869,1384,0.51931,0.64162,0.00214,0.00076,0.53119,0.28682,0.24559,0.12992,0.00930,1678,0.12991,0.00965,0.13000,0.03380,16407,14253,2
Builders Guild,3,guild,0.13046,0.00143,0.12488,0.00146,0.16194,0.00472,6657,1181,0.54679,0.66638,-0.00348,0.00116,0.56481,0.26801,0.26312,0.12655,0.01278,885,0.12469,0.01361,0.14286,0.03689,11107,7838,3
Senate,3,blue,0.11573,0.00079,0.11284,0.00080,0.13352,0.00277,15477,2511,0.40085,0.58622,-0.01699,0.00059,0.42673,0.27977,0.23909,0.11853,0.00799,2067,0.11747,0.00836,0.12895,0.02695,18990,17988,4
Philosophers Guild,3,guild,0.11289,0.00141,0.10575,0.00151,0.13762,0.00348,8422,2430,0.35194,0.45844,-0.02445,0.00138,0.37578,0.31094,0.26196,0.09718,0.01108,1240,0.09433,0.01204,0.11585,0.02789,13650,10852,5
Decorators Guild,3,guild,0.10720,0.00136,0.10581,0.00140,0.11679,0.00463,8082,1170,0.47822,0.53590,-0.02933,0.00133,0.48552,0.26024,0.25620,0.12200,0.01160,1082,0.12166,0.01202,0.12676,0.04454,10499,9252,6
Workers Guild,3,guild,0.10415,0.00099,0.10037,0.00103,0.11672,0.00257,9729,2931,0.29952,0.44968,-0.02503,0.00090,0.33428,0.24823,0.25077,0.10399,0.00947,1404,0.10191,0.01030,0.11675,0.02404,14417,12660,7
Craftsmens Guild,3,guild,0.10281,0.00107,0.10306,0.00126,0.10226,0.00199,9979,4664,0.22748,0.29545,-0.03064,0.00104,0.24913,0.29729,0.23911,0.07316,0.00853,1483,0.07318,0.00955,0.07308,0.01873,17012,14643,8
Arena,3,yellow,0.10022,0.00072,0.09792,0.00074,0.11164,0.00222,16934,3407,0.34434,0.46903,-0.02741,0.00070,0.36522,0.26423,0.25321,0.10218,0.00693,2344,0.10180,0.00725,0.10560,0.02353,20752,20341,9
Shipowners Guild,3,guild,0.09129,0.00104,0.08057,0.00107,0.11502,0.00231,8764,3957,0.22547,0.42128,-0.03715,0.00104,0.28638,0.27134,0.25793,0.07767,0.00910,1339,0.07750,0.01010,0.07829,0.02087,17980,12721,10
Town Hall,3,blue,0.09018,0.00066,0.08177,0.00066,0.10847,0.00151,16250,7471,0.18578,0.43555,-0.03699,0.00064,0.26445,0.26152,0.24642,0.09753,0.00663,2560,0.10107,0.00753,0.08411,0.01390,30925,23721,11
Gardens,3,blue,0.08073,0.00039,0.07304,0.00038,0.09684,0.00089,37392,17826,0.13543,0.39476,-0.04728,0.00042,0.21915,0.25333,0.25150,0.09305,0.00544,3858,0.09049,0.00568,0.11831,0.01893,60120,55218,12
Spies Guild,3,guild,0.07969,0.00073,0.07256,0.00070,0.09643,0.00178,11902,5074,0.17123,0.36224,-0.05304,0.00077,0.22832,0.21620,0.26244,0.09533,0.00788,1736,0.09493,0.00891,0.09701,0.01667,18215,16976,13
Traders Guild,3,guild,0.07810,0.00085,0.06620,0.00081,0.10111,0.00188,11086,5736,0.15822,0.33595,-0.05297,0.00092,0.21882,0.26610,0.26394,0.07751,0.00750,1716,0.07684,0.00852,0.08017,0.01574,19304,16822,14
Magistrates Guild,3,guild,0.07620,0.00092,0.06319,0.00089,0.09986,0.00197,9253,5086,0.17292,0.35588,-0.05015,0.00100,0.23781,0.23490,0.25789,0.06017,0.00880,1396,0.05278,0.01032,0.08544,0.01638,19782,14339,15
Lighthouse,3,yellow,0.07134,0.00053,0.06480,0.00054,0.08692,0.00125,20239,8499,0.16196,0.34275,-0.05318,0.00062,0.21543,0.24931,0.25252,0.06861,0.00556,3039,0.06630,0.00612,0.07981,0.01333,29930,28738,16
Study,3,green,0.05636,0.00074,0.05154,0.00076,0.06969,0.00179,17970,6498,0.20401,0.29147,-0.07505,0.00087,0.22724,0.34173,0.23826,0.06433,0.00655,2596,0.06008,0.00703,0.08772,0.01773,26274,24468,17
Siege Workshop,3,red,0.05380,0.00052,0.04089,0.00044,0.07030,0.00102,21519,16842,0.02853,0.19303,-0.07919,0.00066,0.10075,0.23299,0.25264,0.05229,0.00535,3605,0.05223,0.00630,0.05248,0.01003,41651,38361,18
Lodge,3,green,0.05274,0.00074,0.04871,0.00076,0.06263,0.00175,18358,7474,0.19828,0.28673,-0.07671,0.00087,0.22387,0.34178,0.24353,0.05808,0.00646,2798,0.05476,0.00712,0.07344,0.01528,27934,25832,19
Haven,3,yellow,0.05141,0.00038,0.04306,0.00036,0.06537,0.00079,38060,22773,0.08400,0.28384,-0.07593,0.00052,0.15881,0.25458,0.25529,0.05709,0.00490,3810,0.05633,0.00511,0.06579,0.01702,67479,60833,20
Scientists Guild,3,guild,0.04962,0.00103,0.04560,0.00108,0.05848,0.00227,9945,4521,0.21076,0.28556,-0.06459,0.00120,0.23414,0.31473,0.23617,0.06456,0.00880,1580,0.05705,0.00987,0.09894,0.01914,17430,14466,21
Observatory,3,green,0.04720,0.00071,0.04266,0.00072,0.05750,0.00165,18147,8010,0.17331,0.27978,-0.08069,0.00086,0.20591,0.33921,0.24344,0.05497,0.00656,2729,0.04971,0.00720,0.07806,0.01585,29378,26157,22
Castrum,3,red,0.04424,0.00051,0.03109,0.00042,0.06143,0.00101,21613,16535,0.02850,0.21409,-0.08333,0.00067,0.10894,0.19490,0.25563,0.04305,0.00537,3647,0.04441,0.00627,0.03889,0.01038,41142,38148,23
Chamber of Commerce,3,yellow,0.04390,0.00054,0.03576,0.00055,0.05866,0.00114,20815,11477,0.10790,0.27638,-0.08487,0.00075,0.16778,0.22961,0.25471,0.04219,0.00509,3247,0.04176,0.00578,0.04391,0.01057,34461,32292,24
Fortifications,3,red,0.04219,0.00055,0.03098,0.00047,0.05654,0.00108,18965,14812,0.03976,0.21975,-0.08661,0.00076,0.11869,0.23347,0.24206,0.03580,0.00568,3184,0.03667,0.00653,0.03316,0.01150,41284,33777,25
Academy,3,green,0.04069,0.00063,0.03462,0.00065,0.05117,0.00131,18553,10729,0.10699,0.21913,-0.09031,0.00081,0.14808,0.33729,0.24401,0.03838,0.00550,2944,0.04031,0.00620,0.03140,0.01190,34374,29282,26
Circus,3,red,0.03855,0.00052,0.02597,0.00044,0.05560,0.00105,20424,15079,0.04911,0.23443,-0.09027,0.00072,0.12782,0.19855,0.25259,0.03144,0.00554,3419,0.02846,0.00644,0.04067,0.01085,40052,35503,27
University,3,green,0.03476,0.00046,0.03074,0.00046,0.04089,0.00091,36246,23780,0.07868,0.22082,-0.09525,0.00060,0.13499,0.30199,0.25065,0.03641,0.00507,3735,0.03759,0.00533,0.02528,0.01623,69114,60026,28
Arsenal,3,red,0.03337,0.00050,0.01830,0.00039,0.05208,0.00099,20980,16883,0.02502,0.19025,-0.09658,0.00071,0.09870,0.18063,0.25693,0.02545,0.00548,3537,0.02536,0.00662,0.02568,0.00959,42092,37863,29
